planview_id,project_name,archetype,process_domain,scope_type,country,location,facility_type,primary_capacity,capacity_unit,tec_musd_actual,tec_musd_normalized_2024,basis_year,truth_source,verified,notes
1005513,MOCK-PIPELI-004,pipeline_mainline,pipeline,grassroots,Canada,Alberta,pipeline,518.0,km,514.7,514.7,2024,mock,True,
1001542,MOCK-REFINE-074,refinery_bf,refining,expansion,Australia,Perth,crude_unit,46754.0,BPD,71.0,71.0,2024,mock,True,
1005970,MOCK-PIPELI-025,pipeline_mainline,pipeline,expansion,United States,Texas-BTN (GOM),pipeline,735.0,km,347.3,347.3,2024,mock,True,
1003256,MOCK-ONSHOR-016,onshore_petchem,chemicals,expansion,Belgium,Belgium,ethylene_cracker,1065.0,KTA,1930.7,1930.7,2024,mock,True,
1002250,MOCK-REFINE-105,refinery_bf,refining,modification,United Kingdom,United Kingdom,hydrotreater,15606.0,BPD,36.8,36.8,2024,mock,True,
1005773,MOCK-PIPELI-016,pipeline_mainline,pipeline,expansion,Mexico,Mexico,pipeline_gathering,164.0,km,621.5,621.5,2024,mock,True,
1007692,MOCK-LNG_ON-008,lng_onshore,lng,expansion,Papua New Guinea,Papua New Guinea,lng_train,4.4,MTPA,4440.5,4440.5,2024,mock,True,
1002679,MOCK-REFINE-125,refinery_bf,refining,expansion,United States,Texas-BTN (GOM),alkylation,12545.0,BPD,691.2,691.2,2024,mock,True,
1001411,MOCK-REFINE-069,refinery_bf,refining,modification,United Kingdom,United Kingdom,fcc,55299.0,BPD,134.4,134.4,2024,mock,True,
1005032,MOCK-OFFSHO-025,offshore_fpso,offshore,grassroots,United States,Texas-BTN (GOM),platform,133.0,KBPD,5538.3,5538.3,2024,mock,True,
1000212,MOCK-REFINE-010,refinery_bf,refining,modification,Singapore,Singapore,fcc,71513.0,BPD,93.2,93.2,2024,mock,True,
1004049,MOCK-ONSHOR-056,onshore_petchem,chemicals,grassroots,Saudi Arabia,Saudi Arabia,polyethylene,539.0,KTA,284.5,284.5,2024,mock,True,
1006197,MOCK-PIPELI-040,pipeline_mainline,pipeline,grassroots,United States,Texas-BTN (GOM),pipeline_gathering,688.0,km,210.1,210.1,2024,mock,True,
1001787,MOCK-REFINE-085,refinery_bf,refining,grassroots,Canada,Alberta,fcc,59303.0,BPD,1164.1,1164.1,2024,mock,True,
1007363,MOCK-GAS_PR-029,gas_processing,gas_processing,grassroots,Kazakhstan,Kazakhstan,ccs,398.0,MMSCFD,854.5,854.5,2024,mock,True,
1007655,MOCK-LNG_ON-006,lng_onshore,lng,grassroots,Australia,Perth,lng_train,6.3,MTPA,10807.8,10807.8,2024,mock,True,
1009713,MOCK-ONSHOR-044,onshore_conventional,upstream_conventional,grassroots,United States,Texas-BTN (GOM),onshore_process,169.0,KBPD,816.9,816.9,2024,mock,True,
1000613,MOCK-REFINE-031,refinery_bf,refining,modification,Singapore,Singapore,reformer,98454.0,BPD,19.4,19.4,2024,mock,True,
1006401,MOCK-ONSHOR-003,onshore_unconventional,upstream_unconventional,expansion,United States,Texas-BTN (GOM),cold_separation_train,190.0,MMSCFD,86.3,86.3,2024,mock,True,
1007968,MOCK-LNG_ON-023,lng_onshore,lng,grassroots,Papua New Guinea,Papua New Guinea,lng_train,12.6,MTPA,7283.6,7283.6,2024,mock,True,
1009626,MOCK-ONSHOR-039,onshore_conventional,upstream_conventional,grassroots,Kazakhstan,Kazakhstan,onshore_process,54.0,KBPD,379.4,379.4,2024,mock,True,
1009640,MOCK-ONSHOR-040,onshore_conventional,upstream_conventional,expansion,Chad,Nigeria,compressor_station,79.0,KBPD,1709.0,1709.0,2024,mock,True,
1004688,MOCK-OFFSHO-006,offshore_fpso,offshore,grassroots,Brazil,Brazil,platform,249.0,KBPD,4723.4,4723.4,2024,mock,True,
1004702,MOCK-OFFSHO-008,offshore_fpso,offshore,grassroots,Brazil,Brazil,fpso,240.0,KBPD,2212.9,2212.9,2024,mock,True,
1001628,MOCK-REFINE-077,refinery_bf,refining,modification,United Kingdom,United Kingdom,coker,32996.0,BPD,14.3,14.3,2024,mock,True,
1009103,MOCK-ONSHOR-010,onshore_conventional,upstream_conventional,modification,Nigeria,Nigeria,compressor_station,84.0,KBPD,147.3,147.3,2024,mock,True,
1009296,MOCK-ONSHOR-019,onshore_conventional,upstream_conventional,grassroots,United States,Texas-BTN (GOM),onshore_process,77.0,KBPD,2413.5,2413.5,2024,mock,True,
1007843,MOCK-LNG_ON-018,lng_onshore,lng,grassroots,Australia,Perth,lng_train,9.8,MTPA,3690.0,3690.0,2024,mock,True,
1002163,MOCK-REFINE-102,refinery_bf,refining,modification,Singapore,Singapore,hydrocracker,119417.0,BPD,76.6,76.6,2024,mock,True,
1006652,MOCK-ONSHOR-021,onshore_unconventional,upstream_unconventional,modification,United States,Texas-BTN (GOM),central_delivery_point,72.0,MMSCFD,88.5,88.5,2024,mock,True,
1006044,MOCK-PIPELI-032,pipeline_mainline,pipeline,modification,Canada,Alberta,pipeline_gathering,492.0,km,106.5,106.5,2024,mock,True,
1004618,MOCK-OFFSHO-003,offshore_fpso,offshore,grassroots,Brazil,Brazil,fpso,155.0,KBPD,9001.8,9001.8,2024,mock,True,
1009298,MOCK-ONSHOR-020,onshore_conventional,upstream_conventional,grassroots,Iraq,Saudi Arabia,compressor_station,128.0,KBPD,263.3,263.3,2024,mock,True,
1003545,MOCK-ONSHOR-034,onshore_petchem,chemicals,grassroots,Belgium,Belgium,ethylene_cracker,687.0,KTA,663.4,663.4,2024,mock,True,
1000054,MOCK-REFINE-003,refinery_bf,refining,expansion,United Kingdom,United Kingdom,reformer,17020.0,BPD,261.9,261.9,2024,mock,True,
1006651,MOCK-ONSHOR-020,onshore_unconventional,upstream_unconventional,grassroots,United States,Texas-BTN (GOM),pipeline,65.0,MMSCFD,35.8,35.8,2024,mock,True,
1005599,MOCK-PIPELI-008,pipeline_mainline,pipeline,expansion,Mexico,Mexico,pipeline_gathering,92.0,km,415.4,415.4,2024,mock,True,
1001458,MOCK-REFINE-071,refinery_bf,refining,modification,Singapore,Singapore,reformer,44784.0,BPD,130.4,130.4,2024,mock,True,
1004339,MOCK-ONSHOR-071,onshore_petchem,chemicals,grassroots,Canada,Alberta,ethylene_cracker,1096.0,KTA,290.9,290.9,2024,mock,True,
1001307,MOCK-REFINE-064,refinery_bf,refining,modification,United States,Texas-BTN (GOM),hydrocracker,39783.0,BPD,25.4,25.4,2024,mock,True,
1006917,MOCK-GAS_PR-003,gas_processing,gas_processing,expansion,Canada,Alberta,ccs,745.0,MMSCFD,760.3,760.3,2024,mock,True,
1002007,MOCK-REFINE-094,refinery_bf,refining,modification,Australia,Perth,fcc,103806.0,BPD,32.0,32.0,2024,mock,True,
1009539,MOCK-ONSHOR-034,onshore_conventional,upstream_conventional,expansion,Iraq,Saudi Arabia,compressor_station,113.0,KBPD,1955.0,1955.0,2024,mock,True,
1003791,MOCK-ONSHOR-046,onshore_petchem,chemicals,grassroots,Singapore,Singapore,polyethylene,1502.0,KTA,277.5,277.5,2024,mock,True,
1000681,MOCK-REFINE-034,refinery_bf,refining,replacement,United Kingdom,United Kingdom,reformer,112633.0,BPD,145.3,145.3,2024,mock,True,
1001645,MOCK-REFINE-078,refinery_bf,refining,replacement,Australia,Perth,alkylation,102298.0,BPD,111.1,111.1,2024,mock,True,
1000004,MOCK-REFINE-001,refinery_bf,refining,modification,Singapore,Singapore,hydrotreater,86710.0,BPD,529.5,529.5,2024,mock,True,
1000268,MOCK-REFINE-012,refinery_bf,refining,modification,Belgium,Belgium,fcc,83074.0,BPD,251.9,251.9,2024,mock,True,
1006287,MOCK-PIPELI-046,pipeline_mainline,pipeline,grassroots,Canada,Alberta,pipeline,162.0,km,534.9,534.9,2024,mock,True,
1000441,MOCK-REFINE-023,refinery_bf,refining,modification,United States,Texas-BTN (GOM),reformer,82536.0,BPD,57.2,57.2,2024,mock,True,
1001508,MOCK-REFINE-073,refinery_bf,refining,modification,Belgium,Belgium,coker,102112.0,BPD,44.6,44.6,2024,mock,True,
1003750,MOCK-ONSHOR-043,onshore_petchem,chemicals,grassroots,United States,Texas-BTN (GOM),process_plant_generic,386.0,KTA,404.8,404.8,2024,mock,True,
1005513,MOCK-PIPELI-004,pipeline_mainline,pipeline,grassroots,Canada,Alberta,pipeline,518.0,km,514.7,514.7,2024,mock,True,duplicate row (phase 2)
