country,cp30_location,confidence
United States,Texas-BTN (GOM),mock
Canada,Alberta,mock
United Kingdom,United Kingdom,mock
Belgium,Belgium,mock
Singapore,Singapore,mock
Australia,Perth,mock
China,Shanghai,mock
Saudi Arabia,Saudi Arabia,mock
Guyana,Guyana,mock
Brazil,Brazil,mock
Nigeria,Nigeria,mock
Angola,Angola,mock
Norway,Norway,mock
Mexico,Mexico,mock
Qatar,Qatar,mock
Kazakhstan,Kazakhstan,mock
Papua New Guinea,Papua New Guinea,mock
Mozambique,Mozambique,mock
India,India,mock
Iraq,Saudi Arabia,mock
Chad,Nigeria,mock
USA,Texas-BTN (GOM),mock
US,Texas-BTN (GOM),mock
Trinidad and Tobago,Guyana,mock
Venezuela,Brazil,mock
Argentina,Brazil,mock
Colombia,Brazil,mock
Peru,Brazil,mock
France,Netherlands,mock
Germany,Netherlands,mock
Italy,Netherlands,mock
Spain,Netherlands,mock
Poland,Netherlands,mock
Denmark,Norway,mock
Sweden,Norway,mock
Finland,Norway,mock
Russia,Kazakhstan,mock
Azerbaijan,Kazakhstan,mock
Turkmenistan,Kazakhstan,mock
Uzbekistan,Kazakhstan,mock
Turkey,Saudi Arabia,mock
Egypt,Saudi Arabia,mock
Algeria,Nigeria,mock
Libya,Nigeria,mock
Ghana,Nigeria,mock
Cameroon,Nigeria,mock
Equatorial Guinea,Angola,mock
Gabon,Angola,mock
Congo,Angola,mock
South Africa,Angola,mock
Tanzania,Mozambique,mock
Kenya,Mozambique,mock
UAE,Qatar,mock
United Arab Emirates,Qatar,mock
Oman,Qatar,mock
Kuwait,Saudi Arabia,mock
Bahrain,Qatar,mock
Iran,Saudi Arabia,mock
Pakistan,India,mock
Bangladesh,India,mock
Sri Lanka,India,mock
Malaysia,Singapore,mock
Indonesia,Singapore,mock
Thailand,Singapore,mock
Vietnam,Singapore,mock
Philippines,Singapore,mock
Japan,Shanghai,mock
