chip_id,planview_id,archetype,classification,semantic_label,confidence
1,1003059,onshore_petchem,osbl,storage_tank_farm,0.77
2,1001678,refinery_bf,storage,crude_unit_revamp,0.94
3,1006992,gas_processing,marine,co2_capture_facilities,0.95
4,1006494,onshore_unconventional,marine,central_delivery_point,0.97
5,1002679,refinery_bf,process_unit,hydrotreater,0.64
6,1002869,refinery_bf,process_unit,ccr_reformer,0.72
7,1006137,pipeline_mainline,marine,gathering_pipeline,0.78
8,1002633,refinery_bf,osbl,alkylation_unit,0.85
9,1006522,onshore_unconventional,process_unit,central_delivery_point,0.87
10,1001004,refinery_bf,process_unit,hydrocracker_reactor,0.91
11,1007556,lng_onshore,osbl,infrastructure,0.79
12,1002007,refinery_bf,osbl,utilities_package,0.82
13,1004729,offshore_fpso,marine,fpso_topsides,0.97
14,1003420,onshore_petchem,process_unit,polyethylene_unit,0.69
15,1003363,onshore_petchem,pipeline_segment,polypropylene_unit,0.91
16,1009162,onshore_conventional,storage,infrastructure,0.88
17,1007162,gas_processing,process_unit,utilities,0.65
18,1002384,refinery_bf,process_unit,hydrocracker_reactor,0.96
19,1003389,onshore_petchem,osbl,olefins_cracker,0.93
20,1005270,offshore_fpso,storage,umbilicals,0.9
21,1006197,pipeline_mainline,pipeline_segment,export_pipeline,0.65
22,1003521,onshore_petchem,process_unit,offsites,0.65
23,1004528,onshore_petchem,process_unit,utilities_package,0.87
24,1001804,refinery_bf,process_unit,fcc_modernization,0.64
25,1000356,refinery_bf,process_unit,ccr_reformer,0.64
26,1003622,onshore_petchem,osbl,offsites,0.76
27,1008083,oil_sands,osbl,mining_opp,0.6
28,1005432,offshore_fpso,infrastructure,mooring_system,0.88
29,1004186,onshore_petchem,osbl,storage_tank_farm,0.81
30,1009071,onshore_conventional,storage,storage,0.63
31,1002485,refinery_bf,process_unit,hydrotreater,0.81
32,1001975,refinery_bf,infrastructure,ccr_reformer,0.62
33,1009430,onshore_conventional,osbl,compression,0.63
34,1005157,offshore_fpso,storage,mooring_system,0.79
35,1007229,gas_processing,process_unit,utilities,0.79
36,1004898,offshore_fpso,process_unit,risers,0.73
37,1009333,onshore_conventional,process_unit,compression,0.84
38,1008112,oil_sands,process_unit,infrastructure,0.75
39,1002174,refinery_bf,osbl,ccr_reformer,0.83
40,1000929,refinery_bf,process_unit,crude_unit_revamp,0.74
41,1006681,onshore_unconventional,process_unit,gathering_pipeline,0.88
42,1007506,gas_processing,infrastructure,dehydration,0.83
43,1008511,refinery_gf,process_unit,hydrocracker_reactor,0.66
44,1008299,oil_sands,process_unit,tailings,0.87
45,1008147,oil_sands,infrastructure,utilities,0.91
46,1003384,onshore_petchem,storage,product_loading,0.63
47,1003199,onshore_petchem,pipeline_segment,olefins_cracker,0.84
48,1009790,onshore_conventional,process_unit,infrastructure,0.91
49,1004057,onshore_petchem,process_unit,polyethylene_unit,0.64
50,1008868,refinery_gf,process_unit,crude_unit_revamp,0.95
51,1009359,onshore_conventional,pipeline_segment,onsites_process,0.76
52,1001327,refinery_bf,pipeline_segment,alkylation_unit,0.89
53,1007542,gas_processing,infrastructure,co2_capture_facilities,0.95
54,1001628,refinery_bf,osbl,alkylation_unit,0.99
55,1007258,gas_processing,osbl,utilities,0.83
56,1008755,refinery_gf,osbl,desalter_upgrade,0.87
57,1002516,refinery_bf,process_unit,crude_unit_revamp,0.7
58,1003059,onshore_petchem,process_unit,storage_tank_farm,0.71
59,1001678,refinery_bf,pipeline_segment,alkylation_unit,0.93
60,1006992,gas_processing,pipeline_segment,ngl_fractionation,0.76
61,1006494,onshore_unconventional,storage,pad_facilities,0.92
62,1002679,refinery_bf,process_unit,ccr_reformer,0.62
63,1002869,refinery_bf,infrastructure,hydrocracker_reactor,0.69
64,1006137,pipeline_mainline,storage,metering_station,0.67
65,1002633,refinery_bf,osbl,flare_system,0.81
66,1006522,onshore_unconventional,infrastructure,gathering_pipeline,0.63
67,1001004,refinery_bf,process_unit,desalter_upgrade,0.73
68,1007556,lng_onshore,process_unit,power_plant,0.98
69,1002007,refinery_bf,process_unit,alkylation_unit,0.91
70,1004729,offshore_fpso,process_unit,drilling_wells,0.9
71,1003420,onshore_petchem,pipeline_segment,storage_tank_farm,0.65
72,1003363,onshore_petchem,process_unit,meg_unit,0.74
73,1009162,onshore_conventional,pipeline_segment,injection,0.87
74,1007162,gas_processing,storage,ngl_fractionation,0.61
75,1002384,refinery_bf,osbl,offsites_and_tank_farm,0.77
76,1003389,onshore_petchem,process_unit,offsites,0.96
77,1005270,offshore_fpso,marine,drilling_wells,0.63
78,1006197,pipeline_mainline,infrastructure,gathering_pipeline,0.95
79,1003521,onshore_petchem,process_unit,offsites,0.68
80,1004528,onshore_petchem,infrastructure,utilities_package,0.67
81,1001804,refinery_bf,pipeline_segment,desalter_upgrade,0.68
82,1000356,refinery_bf,infrastructure,hydrotreater,0.96
83,1003622,onshore_petchem,process_unit,polypropylene_unit,0.84
84,1008083,oil_sands,process_unit,extraction,0.89
85,1005432,offshore_fpso,process_unit,surf_flowlines,0.74
86,1004186,onshore_petchem,osbl,olefins_cracker,0.94
87,1009071,onshore_conventional,process_unit,injection,0.83
88,1002485,refinery_bf,process_unit,crude_unit_revamp,0.83
89,1001975,refinery_bf,process_unit,crude_unit_revamp,0.89
90,1009430,onshore_conventional,infrastructure,compression,0.9
91,1005157,offshore_fpso,process_unit,surf_flowlines,0.87
92,1007229,gas_processing,osbl,utilities,0.65
93,1004898,offshore_fpso,osbl,umbilicals,0.94
94,1009333,onshore_conventional,pipeline_segment,compression,0.7
95,1008112,oil_sands,process_unit,extraction,0.99
96,1002174,refinery_bf,process_unit,flare_system,0.75
97,1000929,refinery_bf,osbl,crude_unit_revamp,0.65
98,1006681,onshore_unconventional,process_unit,central_delivery_point,0.72
99,1007506,gas_processing,pipeline_segment,utilities,0.82
100,1008511,refinery_gf,process_unit,crude_unit_revamp,0.75
101,1008299,oil_sands,process_unit,tailings,0.92
102,1008147,oil_sands,storage,mining_opp,0.87
103,1003384,onshore_petchem,pipeline_segment,meg_unit,0.68
104,1003199,onshore_petchem,process_unit,polyethylene_unit,0.81
105,1009790,onshore_conventional,process_unit,onsites_process,0.91
106,1004057,onshore_petchem,storage,infrastructure,0.95
107,1008868,refinery_gf,process_unit,desalter_upgrade,0.75
108,1009359,onshore_conventional,marine,injection,0.96
109,1001327,refinery_bf,process_unit,alkylation_unit,0.61
110,1007542,gas_processing,pipeline_segment,injection_wells,0.86
111,1001628,refinery_bf,pipeline_segment,furnace_replacement,0.9
112,1007258,gas_processing,process_unit,co2_capture_facilities,0.77
113,1008755,refinery_gf,process_unit,flare_system,0.6
114,1002516,refinery_bf,process_unit,utilities_package,0.87
115,1003059,onshore_petchem,process_unit,olefins_cracker,0.73
116,1001678,refinery_bf,process_unit,hydrotreater,0.66
117,1006992,gas_processing,process_unit,utilities,0.66
118,1006494,onshore_unconventional,pipeline_segment,central_delivery_point,0.9
119,1002679,refinery_bf,storage,flare_system,0.67
120,1002869,refinery_bf,process_unit,offsites_and_tank_farm,0.79
121,1006137,pipeline_mainline,pipeline_segment,metering_station,0.98
122,1002633,refinery_bf,process_unit,hydrotreater,0.9
123,1006522,onshore_unconventional,process_unit,compression_station,0.81
124,1001004,refinery_bf,process_unit,utilities_package,0.81
125,1007556,lng_onshore,pipeline_segment,liquefaction_train,0.67
126,1002007,refinery_bf,process_unit,fcc_modernization,0.77
127,1004729,offshore_fpso,pipeline_segment,subsea_trees,0.66
128,1003420,onshore_petchem,pipeline_segment,meg_unit,0.63
129,1003363,onshore_petchem,pipeline_segment,infrastructure,0.64
130,1009162,onshore_conventional,process_unit,injection,0.84
131,1007162,gas_processing,process_unit,injection_wells,0.68
132,1002384,refinery_bf,process_unit,alkylation_unit,0.66
133,1003389,onshore_petchem,storage,utilities_package,0.94
134,1005270,offshore_fpso,process_unit,drilling_wells,0.65
135,1006197,pipeline_mainline,process_unit,gathering_pipeline,0.88
136,1003521,onshore_petchem,process_unit,product_loading,0.76
137,1004528,onshore_petchem,process_unit,polypropylene_unit,0.83
138,1001804,refinery_bf,process_unit,hydrogen_plant,0.61
139,1000356,refinery_bf,infrastructure,offsites_and_tank_farm,0.6
140,1003622,onshore_petchem,infrastructure,olefins_cracker,0.92
141,1008083,oil_sands,pipeline_segment,utilities,0.79
142,1005432,offshore_fpso,process_unit,fpso_hull,0.63
143,1004186,onshore_petchem,infrastructure,polypropylene_unit,0.73
144,1009071,onshore_conventional,process_unit,injection,0.8
145,1002485,refinery_bf,process_unit,offsites_and_tank_farm,0.65
146,1001975,refinery_bf,process_unit,offsites_and_tank_farm,0.81
147,1009430,onshore_conventional,process_unit,injection,0.81
148,1005157,offshore_fpso,osbl,drilling_wells,0.84
149,1007229,gas_processing,process_unit,co2_capture_facilities,0.92
150,1004898,offshore_fpso,osbl,surf_flowlines,0.76
151,1009333,onshore_conventional,infrastructure,onsites_process,0.95
152,1008112,oil_sands,process_unit,utilities,0.79
153,1002174,refinery_bf,process_unit,furnace_replacement,0.78
154,1000929,refinery_bf,marine,delayed_coker,0.86
155,1006681,onshore_unconventional,process_unit,pad_facilities,0.84
156,1007506,gas_processing,storage,compression,0.6
157,1008511,refinery_gf,process_unit,fcc_modernization,0.98
158,1008299,oil_sands,process_unit,tailings,0.97
159,1008147,oil_sands,infrastructure,utilities,0.71
160,1003384,onshore_petchem,osbl,infrastructure,0.82
161,1003199,onshore_petchem,marine,polypropylene_unit,0.9
162,1009790,onshore_conventional,process_unit,injection,0.96
163,1004057,onshore_petchem,process_unit,offsites,0.83
164,1008868,refinery_gf,osbl,crude_unit_revamp,0.61
165,1009359,onshore_conventional,pipeline_segment,onsites_process,0.87
166,1001327,refinery_bf,osbl,hydrotreater,0.64
167,1007542,gas_processing,process_unit,injection_wells,0.86
168,1001628,refinery_bf,process_unit,flare_system,0.83
169,1007258,gas_processing,process_unit,injection_wells,0.85
170,1008755,refinery_gf,process_unit,alkylation_unit,0.67
171,1002516,refinery_bf,marine,crude_unit_revamp,0.79
172,1003059,onshore_petchem,osbl,storage_tank_farm,0.84
173,1001678,refinery_bf,process_unit,ccr_reformer,0.72
174,1006992,gas_processing,infrastructure,co2_capture_facilities,0.67
175,1006494,onshore_unconventional,pipeline_segment,water_handling,0.69
176,1002679,refinery_bf,process_unit,ccr_reformer,0.93
177,1002869,refinery_bf,process_unit,offsites_and_tank_farm,0.78
178,1006137,pipeline_mainline,osbl,hdd_crossing,0.86
179,1002633,refinery_bf,storage,offsites_and_tank_farm,0.8
180,1006522,onshore_unconventional,osbl,compression_station,0.93
181,1001004,refinery_bf,osbl,fcc_modernization,0.8
182,1007556,lng_onshore,pipeline_segment,power_plant,0.64
183,1002007,refinery_bf,pipeline_segment,furnace_replacement,0.68
184,1004729,offshore_fpso,process_unit,risers,0.61
185,1003420,onshore_petchem,process_unit,infrastructure,0.92
186,1003363,onshore_petchem,process_unit,storage_tank_farm,0.86
187,1009162,onshore_conventional,infrastructure,compression,0.9
188,1007162,gas_processing,process_unit,co2_capture_facilities,0.88
189,1002384,refinery_bf,pipeline_segment,fcc_modernization,0.92
190,1003389,onshore_petchem,process_unit,product_loading,0.98
191,1005270,offshore_fpso,process_unit,mooring_system,0.85
192,1006197,pipeline_mainline,process_unit,pump_station,0.7
193,1003521,onshore_petchem,storage,storage_tank_farm,0.64
194,1004528,onshore_petchem,osbl,olefins_cracker,0.83
195,1001804,refinery_bf,process_unit,delayed_coker,0.9
196,1000356,refinery_bf,osbl,alkylation_unit,0.82
197,1003622,onshore_petchem,osbl,storage_tank_farm,0.72
198,1008083,oil_sands,process_unit,tailings,0.88
199,1005432,offshore_fpso,storage,risers,0.77
200,1004186,onshore_petchem,osbl,offsites,0.71
201,1009071,onshore_conventional,process_unit,storage,0.93
202,1002485,refinery_bf,pipeline_segment,hydrotreater,0.82
203,1001975,refinery_bf,process_unit,hydrocracker_reactor,0.71
204,1009430,onshore_conventional,process_unit,infrastructure,0.73
205,1005157,offshore_fpso,process_unit,subsea_trees,0.82
206,1007229,gas_processing,process_unit,co2_capture_facilities,0.76
207,1004898,offshore_fpso,pipeline_segment,umbilicals,0.66
208,1009333,onshore_conventional,process_unit,storage,0.84
209,1008112,oil_sands,osbl,mining_opp,0.87
210,1002174,refinery_bf,storage,ccr_reformer,0.6
211,1000929,refinery_bf,osbl,alkylation_unit,0.81
212,1006681,onshore_unconventional,process_unit,central_delivery_point,0.83
213,1007506,gas_processing,process_unit,cryogenic_gas_plant,0.73
214,1008511,refinery_gf,infrastructure,alkylation_unit,0.73
215,1008299,oil_sands,process_unit,infrastructure,0.72
216,1008147,oil_sands,infrastructure,mining_opp,0.77
217,1003384,onshore_petchem,osbl,polypropylene_unit,0.92
218,1003199,onshore_petchem,process_unit,storage_tank_farm,0.78
219,1009790,onshore_conventional,process_unit,onsites_process,0.99
220,1004057,onshore_petchem,storage,utilities_package,0.75
221,1008868,refinery_gf,process_unit,alkylation_unit,0.87
222,1009359,onshore_conventional,process_unit,injection,0.81
223,1001327,refinery_bf,osbl,offsites_and_tank_farm,0.9
224,1007542,gas_processing,process_unit,utilities,0.95
225,1001628,refinery_bf,process_unit,desalter_upgrade,0.8
226,1007258,gas_processing,process_unit,ngl_fractionation,0.79
227,1008755,refinery_gf,process_unit,flare_system,0.97
228,1002516,refinery_bf,storage,offsites_and_tank_farm,0.96
229,1003059,onshore_petchem,process_unit,polypropylene_unit,0.99
230,1001678,refinery_bf,process_unit,flare_system,0.66
231,1006992,gas_processing,marine,cryogenic_gas_plant,0.6
232,1006494,onshore_unconventional,storage,pad_facilities,0.77
233,1002679,refinery_bf,process_unit,desalter_upgrade,0.89
234,1002869,refinery_bf,process_unit,flare_system,0.63
235,1006137,pipeline_mainline,osbl,metering_station,0.75
236,1002633,refinery_bf,infrastructure,desalter_upgrade,0.83
237,1006522,onshore_unconventional,infrastructure,central_delivery_point,0.68
238,1001004,refinery_bf,pipeline_segment,offsites_and_tank_farm,0.89
239,1007556,lng_onshore,storage,infrastructure,0.69
240,1002007,refinery_bf,process_unit,hydrocracker_reactor,0.93
241,1004729,offshore_fpso,storage,surf_flowlines,0.74
242,1003420,onshore_petchem,process_unit,utilities_package,0.83
243,1003363,onshore_petchem,storage,storage_tank_farm,0.81
244,1009162,onshore_conventional,process_unit,onsites_process,0.72
245,1007162,gas_processing,infrastructure,ngl_fractionation,0.77
246,1002384,refinery_bf,pipeline_segment,alkylation_unit,0.93
247,1003389,onshore_petchem,infrastructure,polyethylene_unit,0.81
248,1005270,offshore_fpso,process_unit,surf_flowlines,0.62
249,1006197,pipeline_mainline,marine,hdd_crossing,0.88
250,1003521,onshore_petchem,pipeline_segment,polypropylene_unit,0.67
251,1004528,onshore_petchem,osbl,meg_unit,0.79
252,1001804,refinery_bf,process_unit,hydrotreater,0.78
253,1000356,refinery_bf,process_unit,utilities_package,0.79
254,1003622,onshore_petchem,storage,product_loading,0.61
255,1008083,oil_sands,infrastructure,extraction,0.71
256,1005432,offshore_fpso,process_unit,subsea_trees,0.62
257,1004186,onshore_petchem,process_unit,product_loading,0.76
258,1009071,onshore_conventional,process_unit,storage,0.84
259,1002485,refinery_bf,osbl,offsites_and_tank_farm,0.86
260,1001975,refinery_bf,infrastructure,furnace_replacement,0.63
261,1009430,onshore_conventional,storage,storage,0.65
262,1005157,offshore_fpso,process_unit,subsea_trees,0.86
263,1007229,gas_processing,storage,utilities,0.81
264,1004898,offshore_fpso,storage,risers,0.93
265,1009333,onshore_conventional,osbl,compression,0.68
266,1008112,oil_sands,storage,extraction,0.65
267,1002174,refinery_bf,infrastructure,ccr_reformer,0.74
268,1000929,refinery_bf,process_unit,alkylation_unit,0.85
269,1006681,onshore_unconventional,storage,compression_station,0.79
270,1007506,gas_processing,process_unit,ngl_fractionation,0.64
271,1008511,refinery_gf,process_unit,furnace_replacement,0.63
272,1008299,oil_sands,osbl,extraction,0.86
273,1008147,oil_sands,process_unit,utilities,0.72
274,1003384,onshore_petchem,infrastructure,polypropylene_unit,0.86
275,1003199,onshore_petchem,osbl,storage_tank_farm,0.72
276,1009790,onshore_conventional,osbl,infrastructure,0.72
277,1004057,onshore_petchem,storage,olefins_cracker,0.68
278,1008868,refinery_gf,osbl,crude_unit_revamp,0.98
279,1009359,onshore_conventional,marine,injection,0.61
280,1001327,refinery_bf,marine,hydrocracker_reactor,0.65
281,1007542,gas_processing,process_unit,injection_wells,0.93
282,1001628,refinery_bf,infrastructure,furnace_replacement,0.65
283,1007258,gas_processing,storage,cryogenic_gas_plant,0.71
284,1008755,refinery_gf,marine,hydrogen_plant,0.7
285,1002516,refinery_bf,osbl,hydrocracker_reactor,0.87
286,1003059,onshore_petchem,pipeline_segment,olefins_cracker,0.76
287,1001678,refinery_bf,storage,delayed_coker,0.93
288,1006992,gas_processing,infrastructure,utilities,0.89
289,1006494,onshore_unconventional,osbl,compression_station,0.81
290,1002679,refinery_bf,process_unit,hydrocracker_reactor,0.7
291,1002869,refinery_bf,osbl,furnace_replacement,0.91
292,1006137,pipeline_mainline,infrastructure,metering_station,0.94
293,1002633,refinery_bf,osbl,hydrocracker_reactor,0.93
294,1006522,onshore_unconventional,marine,compression_station,0.62
295,1001004,refinery_bf,process_unit,crude_unit_revamp,0.87
296,1007556,lng_onshore,storage,utilities,0.87
297,1002007,refinery_bf,osbl,utilities_package,0.97
298,1004729,offshore_fpso,storage,fpso_hull,0.7
299,1003420,onshore_petchem,process_unit,polypropylene_unit,0.91
300,1003363,onshore_petchem,storage,utilities_package,0.87
301,1009162,onshore_conventional,process_unit,infrastructure,0.94
302,1007162,gas_processing,storage,utilities,0.87
303,1002384,refinery_bf,osbl,fcc_modernization,0.93
304,1003389,onshore_petchem,infrastructure,offsites,0.74
305,1005270,offshore_fpso,process_unit,fpso_hull,0.66
306,1006197,pipeline_mainline,process_unit,hdd_crossing,0.74
307,1003521,onshore_petchem,process_unit,offsites,0.92
308,1004528,onshore_petchem,process_unit,infrastructure,0.65
309,1001804,refinery_bf,infrastructure,hydrocracker_reactor,0.85
310,1000356,refinery_bf,storage,hydrocracker_reactor,0.99
311,1003622,onshore_petchem,process_unit,offsites,0.95
312,1008083,oil_sands,storage,utilities,0.86
313,1005432,offshore_fpso,pipeline_segment,risers,0.91
314,1004186,onshore_petchem,marine,offsites,0.65
315,1009071,onshore_conventional,infrastructure,injection,0.79
316,1002485,refinery_bf,process_unit,utilities_package,0.81
317,1001975,refinery_bf,storage,flare_system,0.91
318,1009430,onshore_conventional,osbl,infrastructure,0.71
319,1005157,offshore_fpso,storage,fpso_topsides,0.64
320,1007229,gas_processing,process_unit,cryogenic_gas_plant,0.87
321,1004898,offshore_fpso,process_unit,mooring_system,0.79
322,1009333,onshore_conventional,osbl,onsites_process,0.93
323,1008112,oil_sands,pipeline_segment,tailings,0.79
324,1002174,refinery_bf,osbl,hydrocracker_reactor,0.93
325,1000929,refinery_bf,osbl,offsites_and_tank_farm,0.8
326,1006681,onshore_unconventional,storage,gathering_pipeline,0.91
327,1007506,gas_processing,osbl,dehydration,0.88
328,1008511,refinery_gf,process_unit,crude_unit_revamp,0.7
329,1008299,oil_sands,infrastructure,mining_opp,0.72
330,1008147,oil_sands,osbl,utilities,0.95
331,1003384,onshore_petchem,marine,product_loading,0.69
332,1003199,onshore_petchem,pipeline_segment,utilities_package,0.87
333,1009790,onshore_conventional,process_unit,injection,0.66
334,1004057,onshore_petchem,process_unit,utilities_package,0.89
335,1008868,refinery_gf,process_unit,alkylation_unit,0.69
336,1009359,onshore_conventional,process_unit,infrastructure,0.83
337,1001327,refinery_bf,storage,desalter_upgrade,0.82
338,1007542,gas_processing,storage,utilities,0.68
339,1001628,refinery_bf,process_unit,alkylation_unit,0.79
340,1007258,gas_processing,pipeline_segment,cryogenic_gas_plant,0.94
341,1008755,refinery_gf,osbl,delayed_coker,0.87
342,1002516,refinery_bf,osbl,alkylation_unit,0.99
343,1003059,onshore_petchem,infrastructure,utilities_package,0.91
344,1001678,refinery_bf,process_unit,hydrogen_plant,0.85
345,1006992,gas_processing,osbl,compression,0.82
346,1006494,onshore_unconventional,process_unit,pad_facilities,0.97
347,1002679,refinery_bf,storage,fcc_modernization,0.81
348,1002869,refinery_bf,process_unit,hydrocracker_reactor,0.76
349,1006137,pipeline_mainline,process_unit,export_pipeline,0.93
350,1002633,refinery_bf,osbl,crude_unit_revamp,0.97
351,1006522,onshore_unconventional,osbl,central_delivery_point,0.79
352,1001004,refinery_bf,process_unit,flare_system,0.65
353,1007556,lng_onshore,infrastructure,jetty_and_loading,0.84
354,1002007,refinery_bf,process_unit,alkylation_unit,0.89
355,1004729,offshore_fpso,process_unit,mooring_system,0.75
356,1003420,onshore_petchem,osbl,olefins_cracker,0.89
357,1003363,onshore_petchem,process_unit,product_loading,0.81
358,1009162,onshore_conventional,process_unit,compression,0.72
359,1007162,gas_processing,marine,ngl_fractionation,0.85
360,1002384,refinery_bf,osbl,crude_unit_revamp,0.75
361,1003389,onshore_petchem,osbl,olefins_cracker,0.91
362,1005270,offshore_fpso,process_unit,subsea_trees,0.6
363,1006197,pipeline_mainline,infrastructure,pump_station,0.92
364,1003521,onshore_petchem,process_unit,offsites,0.72
365,1004528,onshore_petchem,process_unit,meg_unit,0.97
366,1001804,refinery_bf,pipeline_segment,furnace_replacement,0.9
367,1000356,refinery_bf,process_unit,crude_unit_revamp,0.69
368,1003622,onshore_petchem,process_unit,product_loading,0.98
369,1008083,oil_sands,process_unit,infrastructure,0.79
370,1005432,offshore_fpso,osbl,fpso_hull,0.8
371,1004186,onshore_petchem,process_unit,offsites,0.95
372,1009071,onshore_conventional,process_unit,onsites_process,0.96
373,1002485,refinery_bf,process_unit,utilities_package,0.87
374,1001975,refinery_bf,pipeline_segment,hydrotreater,0.98
375,1009430,onshore_conventional,pipeline_segment,onsites_process,0.73
376,1005157,offshore_fpso,process_unit,surf_flowlines,0.69
377,1007229,gas_processing,process_unit,injection_wells,0.61
378,1004898,offshore_fpso,process_unit,subsea_trees,0.74
379,1009333,onshore_conventional,osbl,storage,0.84
380,1008112,oil_sands,osbl,extraction,0.72
381,1002174,refinery_bf,marine,ccr_reformer,0.83
382,1000929,refinery_bf,pipeline_segment,hydrocracker_reactor,0.62
383,1006681,onshore_unconventional,osbl,central_delivery_point,0.74
384,1007506,gas_processing,process_unit,ngl_fractionation,0.89
385,1008511,refinery_gf,osbl,ccr_reformer,0.64
386,1008299,oil_sands,process_unit,utilities,0.88
387,1008147,oil_sands,infrastructure,extraction,0.9
388,1003384,onshore_petchem,storage,utilities_package,0.82
389,1003199,onshore_petchem,infrastructure,utilities_package,0.95
390,1009790,onshore_conventional,osbl,compression,0.97
391,1004057,onshore_petchem,storage,offsites,0.61
392,1008868,refinery_gf,storage,desalter_upgrade,0.86
393,1009359,onshore_conventional,marine,onsites_process,0.69
394,1001327,refinery_bf,storage,flare_system,0.76
395,1007542,gas_processing,process_unit,compression,0.84
396,1001628,refinery_bf,marine,utilities_package,0.88
397,1007258,gas_processing,pipeline_segment,dehydration,0.93
398,1008755,refinery_gf,storage,offsites_and_tank_farm,0.88
399,1002516,refinery_bf,process_unit,desalter_upgrade,0.9
400,1003059,onshore_petchem,process_unit,product_loading,0.83
401,1001678,refinery_bf,process_unit,hydrocracker_reactor,0.65
402,1006992,gas_processing,process_unit,compression,0.61
403,1006494,onshore_unconventional,infrastructure,pad_facilities,0.81
404,1002679,refinery_bf,pipeline_segment,fcc_modernization,0.88
405,1002869,refinery_bf,infrastructure,utilities_package,0.64
406,1006137,pipeline_mainline,osbl,export_pipeline,0.77
407,1002633,refinery_bf,process_unit,desalter_upgrade,0.7
408,1006522,onshore_unconventional,pipeline_segment,central_delivery_point,0.82
409,1001004,refinery_bf,process_unit,alkylation_unit,0.75
410,1007556,lng_onshore,infrastructure,power_plant,0.68
411,1002007,refinery_bf,process_unit,hydrocracker_reactor,0.6
412,1004729,offshore_fpso,pipeline_segment,fpso_hull,0.73
413,1003420,onshore_petchem,process_unit,polypropylene_unit,0.8
414,1003363,onshore_petchem,osbl,product_loading,0.96
415,1009162,onshore_conventional,infrastructure,onsites_process,0.69
416,1007162,gas_processing,osbl,cryogenic_gas_plant,0.8
417,1002384,refinery_bf,infrastructure,furnace_replacement,0.82
418,1003389,onshore_petchem,storage,polypropylene_unit,0.85
419,1005270,offshore_fpso,process_unit,umbilicals,0.73
420,1006197,pipeline_mainline,process_unit,export_pipeline,0.64
421,1003521,onshore_petchem,infrastructure,meg_unit,0.96
422,1004528,onshore_petchem,osbl,infrastructure,0.97
423,1001804,refinery_bf,infrastructure,desalter_upgrade,0.77
424,1000356,refinery_bf,infrastructure,delayed_coker,0.83
425,1003622,onshore_petchem,osbl,polyethylene_unit,0.61
426,1008083,oil_sands,infrastructure,utilities,0.62
427,1005432,offshore_fpso,process_unit,fpso_hull,0.63
428,1004186,onshore_petchem,infrastructure,olefins_cracker,0.89
429,1009071,onshore_conventional,osbl,injection,0.69
430,1002485,refinery_bf,process_unit,ccr_reformer,0.67
431,1001975,refinery_bf,osbl,fcc_modernization,0.6
432,1009430,onshore_conventional,process_unit,onsites_process,0.61
433,1005157,offshore_fpso,pipeline_segment,surf_flowlines,0.76
434,1007229,gas_processing,infrastructure,utilities,0.81
435,1004898,offshore_fpso,marine,fpso_hull,0.83
436,1009333,onshore_conventional,osbl,injection,0.78
437,1008112,oil_sands,storage,utilities,0.78
438,1002174,refinery_bf,storage,crude_unit_revamp,0.89
439,1000929,refinery_bf,infrastructure,offsites_and_tank_farm,0.71
440,1006681,onshore_unconventional,marine,pad_facilities,0.69
441,1007506,gas_processing,pipeline_segment,injection_wells,0.93
442,1008511,refinery_gf,osbl,delayed_coker,0.87
443,1008299,oil_sands,marine,mining_opp,0.79
444,1008147,oil_sands,pipeline_segment,utilities,0.71
445,1003384,onshore_petchem,infrastructure,offsites,0.65
446,1003199,onshore_petchem,process_unit,polypropylene_unit,0.61
447,1009790,onshore_conventional,pipeline_segment,injection,0.93
448,1004057,onshore_petchem,infrastructure,offsites,0.83
449,1008868,refinery_gf,process_unit,ccr_reformer,0.62
450,1009359,onshore_conventional,storage,infrastructure,0.66
451,1001327,refinery_bf,infrastructure,utilities_package,0.71
452,1007542,gas_processing,infrastructure,compression,0.7
453,1001628,refinery_bf,marine,delayed_coker,0.81
454,1007258,gas_processing,osbl,compression,0.76
455,1008755,refinery_gf,storage,flare_system,0.94
456,1002516,refinery_bf,pipeline_segment,alkylation_unit,0.88
457,1003059,onshore_petchem,osbl,product_loading,0.96
458,1001678,refinery_bf,process_unit,hydrogen_plant,0.94
459,1006992,gas_processing,process_unit,injection_wells,0.96
460,1006494,onshore_unconventional,marine,gathering_pipeline,0.98
461,1002679,refinery_bf,process_unit,hydrotreater,0.72
462,1002869,refinery_bf,process_unit,flare_system,0.68
463,1006137,pipeline_mainline,process_unit,metering_station,0.66
464,1002633,refinery_bf,process_unit,crude_unit_revamp,0.84
465,1006522,onshore_unconventional,process_unit,compression_station,0.87
466,1001004,refinery_bf,process_unit,crude_unit_revamp,0.63
467,1007556,lng_onshore,process_unit,jetty_and_loading,0.92
468,1002007,refinery_bf,marine,utilities_package,0.91
469,1004729,offshore_fpso,infrastructure,umbilicals,0.85
470,1003420,onshore_petchem,osbl,meg_unit,0.77
471,1003363,onshore_petchem,storage,polypropylene_unit,0.66
472,1009162,onshore_conventional,process_unit,onsites_process,0.8
473,1007162,gas_processing,process_unit,co2_capture_facilities,0.66
474,1002384,refinery_bf,osbl,flare_system,0.84
475,1003389,onshore_petchem,osbl,product_loading,0.72
476,1005270,offshore_fpso,pipeline_segment,drilling_wells,0.7
477,1006197,pipeline_mainline,process_unit,pump_station,0.77
478,1003521,onshore_petchem,pipeline_segment,product_loading,0.83
479,1004528,onshore_petchem,process_unit,infrastructure,0.74
480,1001804,refinery_bf,pipeline_segment,utilities_package,0.98
481,1000356,refinery_bf,marine,flare_system,0.6
482,1003622,onshore_petchem,osbl,polyethylene_unit,0.96
483,1008083,oil_sands,process_unit,mining_opp,0.6
484,1005432,offshore_fpso,process_unit,fpso_topsides,0.68
485,1004186,onshore_petchem,pipeline_segment,meg_unit,0.99
486,1009071,onshore_conventional,process_unit,onsites_process,0.88
487,1002485,refinery_bf,pipeline_segment,alkylation_unit,0.85
488,1001975,refinery_bf,pipeline_segment,furnace_replacement,0.88
489,1009430,onshore_conventional,infrastructure,storage,0.76
490,1005157,offshore_fpso,process_unit,risers,0.91
491,1007229,gas_processing,storage,dehydration,0.66
492,1004898,offshore_fpso,process_unit,umbilicals,0.91
493,1009333,onshore_conventional,storage,compression,0.97
494,1008112,oil_sands,infrastructure,extraction,0.93
495,1002174,refinery_bf,process_unit,desalter_upgrade,0.89
496,1000929,refinery_bf,pipeline_segment,offsites_and_tank_farm,0.85
497,1006681,onshore_unconventional,process_unit,central_delivery_point,0.8
498,1007506,gas_processing,process_unit,dehydration,0.75
499,1008511,refinery_gf,pipeline_segment,furnace_replacement,0.94
500,1008299,oil_sands,process_unit,utilities,0.85
501,1008147,oil_sands,process_unit,mining_opp,0.77
502,1003384,onshore_petchem,marine,olefins_cracker,0.91
503,1003199,onshore_petchem,process_unit,olefins_cracker,0.62
504,1009790,onshore_conventional,process_unit,infrastructure,0.92
505,1004057,onshore_petchem,storage,polyethylene_unit,0.92
506,1008868,refinery_gf,marine,offsites_and_tank_farm,0.69
507,1009359,onshore_conventional,storage,injection,0.61
508,1001327,refinery_bf,storage,furnace_replacement,0.88
509,1007542,gas_processing,osbl,cryogenic_gas_plant,0.68
510,1001628,refinery_bf,pipeline_segment,delayed_coker,0.99
511,1007258,gas_processing,osbl,ngl_fractionation,0.6
512,1008755,refinery_gf,osbl,hydrocracker_reactor,0.69
513,1002516,refinery_bf,process_unit,hydrocracker_reactor,0.62
514,1003059,onshore_petchem,osbl,polypropylene_unit,0.91
515,1001678,refinery_bf,process_unit,ccr_reformer,0.83
516,1006992,gas_processing,pipeline_segment,cryogenic_gas_plant,0.93
517,1006494,onshore_unconventional,osbl,compression_station,0.98
518,1002679,refinery_bf,process_unit,hydrocracker_reactor,0.84
519,1002869,refinery_bf,process_unit,hydrogen_plant,0.69
520,1006137,pipeline_mainline,pipeline_segment,hdd_crossing,0.64
521,1002633,refinery_bf,process_unit,utilities_package,0.94
522,1006522,onshore_unconventional,osbl,compression_station,0.7
523,1001004,refinery_bf,process_unit,hydrocracker_reactor,0.95
524,1007556,lng_onshore,process_unit,lng_storage,0.94
525,1002007,refinery_bf,process_unit,furnace_replacement,0.84
526,1004729,offshore_fpso,process_unit,umbilicals,0.84
527,1003420,onshore_petchem,storage,olefins_cracker,0.97
528,1003363,onshore_petchem,process_unit,utilities_package,0.89
529,1009162,onshore_conventional,process_unit,compression,0.87
530,1007162,gas_processing,pipeline_segment,dehydration,0.77
531,1002384,refinery_bf,pipeline_segment,fcc_modernization,0.79
532,1003389,onshore_petchem,process_unit,polypropylene_unit,0.75
533,1005270,offshore_fpso,pipeline_segment,fpso_topsides,0.97
534,1006197,pipeline_mainline,storage,export_pipeline,0.85
535,1003521,onshore_petchem,process_unit,offsites,0.9
536,1004528,onshore_petchem,osbl,polyethylene_unit,0.61
537,1001804,refinery_bf,storage,offsites_and_tank_farm,0.93
538,1000356,refinery_bf,osbl,hydrotreater,0.76
539,1003622,onshore_petchem,osbl,utilities_package,0.89
540,1008083,oil_sands,process_unit,tailings,0.62
541,1005432,offshore_fpso,osbl,risers,0.95
542,1004186,onshore_petchem,process_unit,infrastructure,0.86
543,1009071,onshore_conventional,process_unit,onsites_process,0.78
544,1002485,refinery_bf,osbl,utilities_package,0.72
545,1001975,refinery_bf,process_unit,hydrogen_plant,0.72
546,1009430,onshore_conventional,pipeline_segment,compression,0.72
547,1005157,offshore_fpso,process_unit,fpso_hull,0.65
548,1007229,gas_processing,infrastructure,dehydration,0.78
549,1004898,offshore_fpso,process_unit,surf_flowlines,0.78
550,1009333,onshore_conventional,process_unit,storage,0.76
551,1008112,oil_sands,process_unit,extraction,0.87
552,1002174,refinery_bf,osbl,utilities_package,0.76
553,1000929,refinery_bf,marine,hydrotreater,0.63
554,1006681,onshore_unconventional,infrastructure,gathering_pipeline,0.93
555,1007506,gas_processing,process_unit,compression,0.77
556,1008511,refinery_gf,process_unit,fcc_modernization,0.86
557,1008299,oil_sands,osbl,infrastructure,0.96
558,1008147,oil_sands,marine,tailings,0.9
559,1003384,onshore_petchem,osbl,infrastructure,0.81
560,1003199,onshore_petchem,infrastructure,polypropylene_unit,0.81
561,1009790,onshore_conventional,storage,injection,0.93
562,1004057,onshore_petchem,marine,polypropylene_unit,0.92
563,1008868,refinery_gf,process_unit,hydrogen_plant,0.67
564,1009359,onshore_conventional,osbl,storage,0.84
565,1001327,refinery_bf,process_unit,ccr_reformer,0.94
566,1007542,gas_processing,process_unit,utilities,0.91
567,1001628,refinery_bf,process_unit,hydrocracker_reactor,0.65
568,1007258,gas_processing,osbl,co2_capture_facilities,0.77
569,1008755,refinery_gf,process_unit,delayed_coker,0.8
570,1002516,refinery_bf,process_unit,hydrocracker_reactor,0.7
571,1003059,onshore_petchem,infrastructure,meg_unit,0.87
572,1001678,refinery_bf,process_unit,flare_system,0.79
573,1006992,gas_processing,process_unit,co2_capture_facilities,0.72
574,1006494,onshore_unconventional,osbl,compression_station,0.73
575,1002679,refinery_bf,process_unit,crude_unit_revamp,0.93
576,1002869,refinery_bf,process_unit,alkylation_unit,0.94
577,1006137,pipeline_mainline,pipeline_segment,metering_station,0.92
578,1002633,refinery_bf,process_unit,offsites_and_tank_farm,0.96
579,1006522,onshore_unconventional,infrastructure,compression_station,0.97
580,1001004,refinery_bf,process_unit,hydrotreater,0.79
581,1007556,lng_onshore,osbl,liquefaction_train,0.64
582,1002007,refinery_bf,infrastructure,utilities_package,0.91
583,1004729,offshore_fpso,process_unit,fpso_hull,0.85
584,1003420,onshore_petchem,marine,infrastructure,0.75
585,1003363,onshore_petchem,osbl,infrastructure,0.98
586,1009162,onshore_conventional,storage,infrastructure,0.73
587,1007162,gas_processing,storage,utilities,0.95
588,1002384,refinery_bf,process_unit,hydrocracker_reactor,0.83
589,1003389,onshore_petchem,process_unit,polyethylene_unit,0.61
590,1005270,offshore_fpso,process_unit,mooring_system,0.94
591,1006197,pipeline_mainline,process_unit,export_pipeline,0.9
592,1003521,onshore_petchem,osbl,polypropylene_unit,0.85
593,1004528,onshore_petchem,process_unit,offsites,0.84
594,1001804,refinery_bf,pipeline_segment,offsites_and_tank_farm,0.69
595,1000356,refinery_bf,process_unit,fcc_modernization,0.68
596,1003622,onshore_petchem,pipeline_segment,storage_tank_farm,0.61
597,1008083,oil_sands,marine,extraction,0.66
598,1005432,offshore_fpso,pipeline_segment,subsea_trees,0.73
599,1004186,onshore_petchem,infrastructure,storage_tank_farm,0.81
600,1009071,onshore_conventional,process_unit,storage,0.65
601,1002485,refinery_bf,osbl,offsites_and_tank_farm,0.82
602,1001975,refinery_bf,process_unit,desalter_upgrade,0.7
603,1009430,onshore_conventional,process_unit,injection,0.7
604,1005157,offshore_fpso,storage,fpso_topsides,0.97
605,1007229,gas_processing,infrastructure,compression,0.99
606,1004898,offshore_fpso,osbl,fpso_hull,0.92
607,1009333,onshore_conventional,infrastructure,infrastructure,0.62
608,1008112,oil_sands,pipeline_segment,infrastructure,0.88
609,1002174,refinery_bf,process_unit,utilities_package,0.67
610,1000929,refinery_bf,process_unit,delayed_coker,0.82
611,1006681,onshore_unconventional,marine,gathering_pipeline,0.95
612,1007506,gas_processing,pipeline_segment,co2_capture_facilities,0.75
613,1008511,refinery_gf,osbl,hydrotreater,0.96
614,1008299,oil_sands,process_unit,utilities,0.88
615,1008147,oil_sands,storage,tailings,0.72
616,1003384,onshore_petchem,process_unit,polypropylene_unit,0.64
617,1003199,onshore_petchem,process_unit,polypropylene_unit,0.92
618,1009790,onshore_conventional,process_unit,injection,0.78
619,1004057,onshore_petchem,osbl,olefins_cracker,0.63
620,1008868,refinery_gf,process_unit,delayed_coker,0.64
621,1009359,onshore_conventional,pipeline_segment,storage,0.98
622,1001327,refinery_bf,process_unit,delayed_coker,0.69
623,1007542,gas_processing,process_unit,cryogenic_gas_plant,0.98
624,1001628,refinery_bf,pipeline_segment,hydrotreater,0.87
625,1007258,gas_processing,marine,ngl_fractionation,0.72
626,1008755,refinery_gf,process_unit,crude_unit_revamp,0.75
627,1002516,refinery_bf,storage,utilities_package,0.9
628,1003059,onshore_petchem,process_unit,polypropylene_unit,0.77
629,1001678,refinery_bf,process_unit,ccr_reformer,0.63
630,1006992,gas_processing,marine,dehydration,0.69
631,1006494,onshore_unconventional,storage,pad_facilities,0.94
632,1002679,refinery_bf,process_unit,hydrogen_plant,0.87
633,1002869,refinery_bf,process_unit,furnace_replacement,0.8
634,1006137,pipeline_mainline,marine,metering_station,0.7
635,1002633,refinery_bf,pipeline_segment,alkylation_unit,0.79
636,1006522,onshore_unconventional,process_unit,water_handling,0.91
637,1001004,refinery_bf,pipeline_segment,hydrotreater,0.63
638,1007556,lng_onshore,infrastructure,infrastructure,0.99
639,1002007,refinery_bf,process_unit,delayed_coker,0.94
640,1004729,offshore_fpso,osbl,mooring_system,0.72
641,1003420,onshore_petchem,marine,utilities_package,0.94
642,1003363,onshore_petchem,process_unit,polypropylene_unit,0.87
643,1009162,onshore_conventional,process_unit,compression,0.86
644,1007162,gas_processing,osbl,injection_wells,0.65
645,1002384,refinery_bf,process_unit,fcc_modernization,0.95
646,1003389,onshore_petchem,process_unit,storage_tank_farm,0.78
647,1005270,offshore_fpso,osbl,surf_flowlines,0.91
648,1006197,pipeline_mainline,marine,export_pipeline,0.72
649,1003521,onshore_petchem,marine,meg_unit,0.72
650,1004528,onshore_petchem,pipeline_segment,olefins_cracker,0.98
651,1001804,refinery_bf,osbl,offsites_and_tank_farm,0.79
652,1000356,refinery_bf,process_unit,alkylation_unit,0.62
653,1003622,onshore_petchem,process_unit,offsites,0.93
654,1008083,oil_sands,process_unit,extraction,0.69
655,1005432,offshore_fpso,storage,fpso_hull,0.94
656,1004186,onshore_petchem,process_unit,product_loading,0.96
657,1009071,onshore_conventional,process_unit,storage,0.63
658,1002485,refinery_bf,process_unit,offsites_and_tank_farm,0.83
659,1001975,refinery_bf,pipeline_segment,utilities_package,0.98
660,1009430,onshore_conventional,osbl,compression,0.96
661,1005157,offshore_fpso,pipeline_segment,fpso_hull,0.8
662,1007229,gas_processing,infrastructure,co2_capture_facilities,0.87
663,1004898,offshore_fpso,osbl,risers,0.84
664,1009333,onshore_conventional,process_unit,compression,0.68
665,1008112,oil_sands,process_unit,infrastructure,0.85
666,1002174,refinery_bf,pipeline_segment,utilities_package,0.73
667,1000929,refinery_bf,osbl,ccr_reformer,0.73
668,1006681,onshore_unconventional,process_unit,central_delivery_point,0.76
669,1007506,gas_processing,storage,injection_wells,0.93
670,1008511,refinery_gf,process_unit,offsites_and_tank_farm,0.69
671,1008299,oil_sands,osbl,mining_opp,0.7
672,1008147,oil_sands,process_unit,extraction,0.6
673,1003384,onshore_petchem,marine,utilities_package,0.66
674,1003199,onshore_petchem,process_unit,polyethylene_unit,0.98
675,1009790,onshore_conventional,process_unit,storage,0.77
676,1004057,onshore_petchem,infrastructure,infrastructure,0.68
677,1008868,refinery_gf,process_unit,ccr_reformer,0.98
678,1009359,onshore_conventional,osbl,storage,0.61
679,1001327,refinery_bf,process_unit,fcc_modernization,0.79
680,1007542,gas_processing,process_unit,compression,0.91
681,1001628,refinery_bf,process_unit,flare_system,0.9
682,1007258,gas_processing,process_unit,injection_wells,0.67
683,1008755,refinery_gf,process_unit,hydrotreater,0.88
684,1002516,refinery_bf,process_unit,furnace_replacement,0.84
685,1003059,onshore_petchem,marine,olefins_cracker,0.86
686,1001678,refinery_bf,process_unit,alkylation_unit,0.7
687,1006992,gas_processing,process_unit,compression,0.92
688,1006494,onshore_unconventional,osbl,water_handling,0.82
689,1002679,refinery_bf,storage,offsites_and_tank_farm,0.88
690,1002869,refinery_bf,infrastructure,hydrocracker_reactor,0.97
691,1006137,pipeline_mainline,pipeline_segment,gathering_pipeline,0.93
692,1002633,refinery_bf,process_unit,hydrogen_plant,0.91
693,1006522,onshore_unconventional,osbl,gathering_pipeline,0.71
694,1001004,refinery_bf,pipeline_segment,utilities_package,0.62
695,1007556,lng_onshore,infrastructure,power_plant,0.82
696,1002007,refinery_bf,process_unit,delayed_coker,0.61
697,1004729,offshore_fpso,osbl,drilling_wells,0.88
698,1003420,onshore_petchem,process_unit,polyethylene_unit,0.89
699,1003363,onshore_petchem,storage,polyethylene_unit,0.82
700,1009162,onshore_conventional,osbl,injection,0.67
701,1007162,gas_processing,process_unit,dehydration,0.94
702,1002384,refinery_bf,pipeline_segment,hydrocracker_reactor,0.83
703,1003389,onshore_petchem,infrastructure,offsites,0.8
704,1005270,offshore_fpso,process_unit,umbilicals,0.82
705,1006197,pipeline_mainline,pipeline_segment,metering_station,0.63
706,1003521,onshore_petchem,marine,storage_tank_farm,0.89
707,1004528,onshore_petchem,pipeline_segment,offsites,0.62
708,1001804,refinery_bf,osbl,alkylation_unit,0.83
709,1000356,refinery_bf,process_unit,ccr_reformer,0.67
710,1003622,onshore_petchem,infrastructure,utilities_package,0.68
711,1008083,oil_sands,process_unit,extraction,0.69
712,1005432,offshore_fpso,marine,umbilicals,0.61
713,1004186,onshore_petchem,storage,meg_unit,0.95
714,1009071,onshore_conventional,process_unit,compression,0.91
715,1002485,refinery_bf,pipeline_segment,offsites_and_tank_farm,0.61
716,1001975,refinery_bf,process_unit,furnace_replacement,0.62
717,1009430,onshore_conventional,process_unit,compression,0.91
718,1005157,offshore_fpso,osbl,subsea_trees,0.6
719,1007229,gas_processing,storage,injection_wells,0.78
720,1004898,offshore_fpso,process_unit,umbilicals,0.64
721,1009333,onshore_conventional,process_unit,compression,0.83
722,1008112,oil_sands,process_unit,utilities,0.99
723,1002174,refinery_bf,pipeline_segment,ccr_reformer,0.67
724,1000929,refinery_bf,process_unit,hydrotreater,0.97
725,1006681,onshore_unconventional,storage,gathering_pipeline,0.94
726,1007506,gas_processing,pipeline_segment,injection_wells,0.98
727,1008511,refinery_gf,infrastructure,flare_system,0.9
728,1008299,oil_sands,osbl,mining_opp,0.93
729,1008147,oil_sands,process_unit,mining_opp,0.83
730,1003384,onshore_petchem,pipeline_segment,storage_tank_farm,0.94
731,1003199,onshore_petchem,process_unit,olefins_cracker,0.64
732,1009790,onshore_conventional,infrastructure,injection,0.89
733,1004057,onshore_petchem,storage,infrastructure,0.85
734,1008868,refinery_gf,storage,flare_system,0.62
735,1009359,onshore_conventional,pipeline_segment,storage,0.71
736,1001327,refinery_bf,infrastructure,crude_unit_revamp,0.68
737,1007542,gas_processing,process_unit,co2_capture_facilities,0.76
738,1001628,refinery_bf,process_unit,hydrocracker_reactor,0.68
739,1007258,gas_processing,storage,utilities,0.71
740,1008755,refinery_gf,osbl,crude_unit_revamp,0.72
741,1002516,refinery_bf,pipeline_segment,flare_system,0.83
742,1003059,onshore_petchem,process_unit,storage_tank_farm,0.65
743,1001678,refinery_bf,osbl,furnace_replacement,0.69
744,1006992,gas_processing,process_unit,injection_wells,0.72
745,1006494,onshore_unconventional,infrastructure,compression_station,0.78
746,1002679,refinery_bf,storage,alkylation_unit,0.61
747,1002869,refinery_bf,process_unit,crude_unit_revamp,0.99
748,1006137,pipeline_mainline,process_unit,metering_station,0.72
749,1002633,refinery_bf,process_unit,delayed_coker,0.71
750,1006522,onshore_unconventional,process_unit,compression_station,0.82
751,1001004,refinery_bf,infrastructure,crude_unit_revamp,0.93
752,1007556,lng_onshore,osbl,utilities,0.78
753,1002007,refinery_bf,osbl,crude_unit_revamp,0.7
754,1004729,offshore_fpso,process_unit,surf_flowlines,0.82
755,1003420,onshore_petchem,process_unit,olefins_cracker,0.79
756,1003363,onshore_petchem,pipeline_segment,utilities_package,0.76
757,1009162,onshore_conventional,pipeline_segment,infrastructure,0.98
758,1007162,gas_processing,process_unit,utilities,0.99
759,1002384,refinery_bf,process_unit,utilities_package,0.82
760,1003389,onshore_petchem,pipeline_segment,utilities_package,0.63
761,1005270,offshore_fpso,pipeline_segment,mooring_system,0.82
762,1006197,pipeline_mainline,osbl,gathering_pipeline,0.97
763,1003521,onshore_petchem,storage,storage_tank_farm,0.96
764,1004528,onshore_petchem,infrastructure,utilities_package,0.68
765,1001804,refinery_bf,osbl,desalter_upgrade,0.67
766,1000356,refinery_bf,process_unit,desalter_upgrade,0.66
767,1003622,onshore_petchem,osbl,storage_tank_farm,0.92
768,1008083,oil_sands,storage,mining_opp,0.79
769,1005432,offshore_fpso,pipeline_segment,mooring_system,0.73
770,1004186,onshore_petchem,process_unit,storage_tank_farm,0.73
771,1009071,onshore_conventional,process_unit,compression,0.71
772,1002485,refinery_bf,osbl,crude_unit_revamp,0.94
773,1001975,refinery_bf,process_unit,hydrotreater,0.76
774,1009430,onshore_conventional,infrastructure,infrastructure,0.7
775,1005157,offshore_fpso,process_unit,mooring_system,0.88
776,1007229,gas_processing,osbl,co2_capture_facilities,0.85
777,1004898,offshore_fpso,osbl,umbilicals,0.88
778,1009333,onshore_conventional,osbl,injection,0.92
779,1008112,oil_sands,process_unit,tailings,0.64
780,1002174,refinery_bf,process_unit,flare_system,0.6
781,1000929,refinery_bf,process_unit,hydrotreater,0.62
782,1006681,onshore_unconventional,osbl,compression_station,0.88
783,1007506,gas_processing,osbl,dehydration,0.96
784,1008511,refinery_gf,storage,ccr_reformer,0.73
785,1008299,oil_sands,process_unit,infrastructure,0.9
786,1008147,oil_sands,storage,utilities,0.88
787,1003384,onshore_petchem,process_unit,offsites,0.98
788,1003199,onshore_petchem,pipeline_segment,product_loading,0.78
789,1009790,onshore_conventional,osbl,onsites_process,0.66
790,1004057,onshore_petchem,process_unit,utilities_package,0.9
791,1008868,refinery_gf,osbl,delayed_coker,0.92
792,1009359,onshore_conventional,osbl,injection,0.88
793,1001327,refinery_bf,process_unit,hydrogen_plant,0.94
794,1007542,gas_processing,process_unit,utilities,0.74
795,1001628,refinery_bf,process_unit,ccr_reformer,0.87
796,1007258,gas_processing,osbl,compression,0.7
797,1008755,refinery_gf,process_unit,alkylation_unit,0.77
798,1002516,refinery_bf,process_unit,furnace_replacement,0.69
799,1003059,onshore_petchem,infrastructure,polyethylene_unit,0.66
800,1001678,refinery_bf,osbl,alkylation_unit,0.61
801,1006992,gas_processing,process_unit,cryogenic_gas_plant,0.86
802,1006494,onshore_unconventional,storage,compression_station,0.94
803,1002679,refinery_bf,osbl,utilities_package,0.72
804,1002869,refinery_bf,infrastructure,delayed_coker,0.77
805,1006137,pipeline_mainline,infrastructure,hdd_crossing,0.6
806,1002633,refinery_bf,pipeline_segment,utilities_package,0.76
807,1006522,onshore_unconventional,process_unit,water_handling,0.71
808,1001004,refinery_bf,pipeline_segment,furnace_replacement,0.82
809,1007556,lng_onshore,process_unit,utilities,0.95
810,1002007,refinery_bf,pipeline_segment,desalter_upgrade,0.8
811,1004729,offshore_fpso,storage,surf_flowlines,0.86
812,1003420,onshore_petchem,process_unit,meg_unit,0.88
813,1003363,onshore_petchem,marine,infrastructure,0.66
814,1009162,onshore_conventional,infrastructure,compression,0.74
815,1007162,gas_processing,pipeline_segment,co2_capture_facilities,0.64
816,1002384,refinery_bf,process_unit,hydrocracker_reactor,0.77
817,1003389,onshore_petchem,process_unit,utilities_package,0.95
818,1005270,offshore_fpso,process_unit,risers,0.79
819,1006197,pipeline_mainline,process_unit,metering_station,0.78
820,1003521,onshore_petchem,process_unit,storage_tank_farm,0.68
821,1004528,onshore_petchem,storage,infrastructure,0.72
822,1001804,refinery_bf,process_unit,utilities_package,0.97
823,1000356,refinery_bf,process_unit,furnace_replacement,0.72
824,1003622,onshore_petchem,storage,olefins_cracker,0.89
825,1008083,oil_sands,process_unit,tailings,0.62
826,1005432,offshore_fpso,process_unit,risers,0.65
827,1004186,onshore_petchem,process_unit,olefins_cracker,0.72
828,1009071,onshore_conventional,infrastructure,storage,0.95
829,1002485,refinery_bf,process_unit,offsites_and_tank_farm,0.69
830,1001975,refinery_bf,osbl,desalter_upgrade,0.88
831,1009430,onshore_conventional,marine,compression,0.67
832,1005157,offshore_fpso,osbl,drilling_wells,0.84
833,1007229,gas_processing,process_unit,ngl_fractionation,0.83
834,1004898,offshore_fpso,process_unit,subsea_trees,0.84
835,1009333,onshore_conventional,pipeline_segment,compression,0.71
836,1008112,oil_sands,marine,infrastructure,0.66
837,1002174,refinery_bf,process_unit,flare_system,0.95
838,1000929,refinery_bf,process_unit,delayed_coker,0.82
839,1006681,onshore_unconventional,osbl,water_handling,0.68
840,1007506,gas_processing,process_unit,utilities,0.76
841,1008511,refinery_gf,process_unit,alkylation_unit,0.63
842,1008299,oil_sands,infrastructure,tailings,0.79
843,1008147,oil_sands,osbl,extraction,0.77
844,1003384,onshore_petchem,marine,storage_tank_farm,0.65
845,1003199,onshore_petchem,process_unit,product_loading,0.77
846,1009790,onshore_conventional,infrastructure,injection,0.85
847,1004057,onshore_petchem,process_unit,olefins_cracker,0.96
848,1008868,refinery_gf,process_unit,desalter_upgrade,0.87
849,1009359,onshore_conventional,pipeline_segment,compression,0.8
850,1001327,refinery_bf,osbl,alkylation_unit,0.9
851,1007542,gas_processing,osbl,co2_capture_facilities,0.71
852,1001628,refinery_bf,storage,hydrogen_plant,0.86
853,1007258,gas_processing,process_unit,compression,0.6
854,1008755,refinery_gf,osbl,offsites_and_tank_farm,0.63
855,1002516,refinery_bf,osbl,flare_system,0.84
856,1003059,onshore_petchem,infrastructure,meg_unit,0.68
857,1001678,refinery_bf,process_unit,crude_unit_revamp,0.87
