location,year,location_idx,time_idx,combined_idx
Texas-BTN (GOM),2014,1.0,0.7441,1.5254
Texas-BTN (GOM),2015,1.0,0.7664,1.5712
Texas-BTN (GOM),2016,1.0,0.7894,1.6183
Texas-BTN (GOM),2017,1.0,0.8131,1.6668
Texas-BTN (GOM),2018,1.0,0.8375,1.7168
Texas-BTN (GOM),2019,1.0,0.8626,1.7683
Texas-BTN (GOM),2020,1.0,0.8885,1.8214
Texas-BTN (GOM),2021,1.0,0.8638,1.7709
Texas-BTN (GOM),2022,1.0,0.907,1.8594
Texas-BTN (GOM),2023,1.0,0.9524,1.9524
Texas-BTN (GOM),2024,1.0,1.0,2.05
Texas-BTN (GOM),2025,1.0,1.03,2.1115
Texas-West (Permian),2014,1.122,0.7441,1.7114
Texas-West (Permian),2015,1.122,0.7664,1.7628
Texas-West (Permian),2016,1.122,0.7894,1.8156
Texas-West (Permian),2017,1.122,0.8131,1.8701
Texas-West (Permian),2018,1.122,0.8375,1.9262
Texas-West (Permian),2019,1.122,0.8626,1.984
Texas-West (Permian),2020,1.122,0.8885,2.0435
Texas-West (Permian),2021,1.122,0.8638,1.9868
Texas-West (Permian),2022,1.122,0.907,2.0862
Texas-West (Permian),2023,1.122,0.9524,2.1905
Texas-West (Permian),2024,1.122,1.0,2.3
Texas-West (Permian),2025,1.122,1.03,2.369
Louisiana,2014,1.0098,0.7441,1.5403
Louisiana,2015,1.0098,0.7664,1.5865
Louisiana,2016,1.0098,0.7894,1.6341
Louisiana,2017,1.0098,0.8131,1.6831
Louisiana,2018,1.0098,0.8375,1.7336
Louisiana,2019,1.0098,0.8626,1.7856
Louisiana,2020,1.0098,0.8885,1.8392
Louisiana,2021,1.0098,0.8638,1.7881
Louisiana,2022,1.0098,0.907,1.8776
Louisiana,2023,1.0098,0.9524,1.9714
Louisiana,2024,1.0098,1.0,2.07
Louisiana,2025,1.0098,1.03,2.1321
Illinois,2014,1.6049,0.7441,2.4481
Illinois,2015,1.6049,0.7664,2.5215
Illinois,2016,1.6049,0.7894,2.5972
Illinois,2017,1.6049,0.8131,2.6751
Illinois,2018,1.6049,0.8375,2.7553
Illinois,2019,1.6049,0.8626,2.838
Illinois,2020,1.6049,0.8885,2.9231
Illinois,2021,1.6049,0.8638,2.842
Illinois,2022,1.6049,0.907,2.9841
Illinois,2023,1.6049,0.9524,3.1333
Illinois,2024,1.6049,1.0,3.29
Illinois,2025,1.6049,1.03,3.3887
US West Coast,2014,1.3268,0.7441,2.0239
US West Coast,2015,1.3268,0.7664,2.0847
US West Coast,2016,1.3268,0.7894,2.1472
US West Coast,2017,1.3268,0.8131,2.2116
US West Coast,2018,1.3268,0.8375,2.278
US West Coast,2019,1.3268,0.8626,2.3463
US West Coast,2020,1.3268,0.8885,2.4167
US West Coast,2021,1.3268,0.8638,2.3496
US West Coast,2022,1.3268,0.907,2.4671
US West Coast,2023,1.3268,0.9524,2.5905
US West Coast,2024,1.3268,1.0,2.72
US West Coast,2025,1.3268,1.03,2.8016
US Midwest,2014,1.2537,0.7441,1.9123
US Midwest,2015,1.2537,0.7664,1.9697
US Midwest,2016,1.2537,0.7894,2.0288
US Midwest,2017,1.2537,0.8131,2.0896
US Midwest,2018,1.2537,0.8375,2.1523
US Midwest,2019,1.2537,0.8626,2.2169
US Midwest,2020,1.2537,0.8885,2.2834
US Midwest,2021,1.2537,0.8638,2.2201
US Midwest,2022,1.2537,0.907,2.3311
US Midwest,2023,1.2537,0.9524,2.4476
US Midwest,2024,1.2537,1.0,2.57
US Midwest,2025,1.2537,1.03,2.6471
Alberta,2014,1.1756,0.7441,1.7933
Alberta,2015,1.1756,0.7664,1.8471
Alberta,2016,1.1756,0.7894,1.9025
Alberta,2017,1.1756,0.8131,1.9596
Alberta,2018,1.1756,0.8375,2.0183
Alberta,2019,1.1756,0.8626,2.0789
Alberta,2020,1.1756,0.8885,2.1413
Alberta,2021,1.1756,0.8638,2.0818
Alberta,2022,1.1756,0.907,2.1859
Alberta,2023,1.1756,0.9524,2.2952
Alberta,2024,1.1756,1.0,2.41
Alberta,2025,1.1756,1.03,2.4823
Eastern Canada,2014,1.2098,0.7441,1.8454
Eastern Canada,2015,1.2098,0.7664,1.9007
Eastern Canada,2016,1.2098,0.7894,1.9577
Eastern Canada,2017,1.2098,0.8131,2.0165
Eastern Canada,2018,1.2098,0.8375,2.077
Eastern Canada,2019,1.2098,0.8626,2.1393
Eastern Canada,2020,1.2098,0.8885,2.2034
Eastern Canada,2021,1.2098,0.8638,2.1423
Eastern Canada,2022,1.2098,0.907,2.2494
Eastern Canada,2023,1.2098,0.9524,2.3619
Eastern Canada,2024,1.2098,1.0,2.48
Eastern Canada,2025,1.2098,1.03,2.5544
British Columbia,2014,1.2683,0.7441,1.9346
British Columbia,2015,1.2683,0.7664,1.9927
British Columbia,2016,1.2683,0.7894,2.0525
British Columbia,2017,1.2683,0.8131,2.114
British Columbia,2018,1.2683,0.8375,2.1775
British Columbia,2019,1.2683,0.8626,2.2428
British Columbia,2020,1.2683,0.8885,2.3101
British Columbia,2021,1.2683,0.8638,2.246
British Columbia,2022,1.2683,0.907,2.3583
British Columbia,2023,1.2683,0.9524,2.4762
British Columbia,2024,1.2683,1.0,2.6
British Columbia,2025,1.2683,1.03,2.678
United Kingdom,2014,1.1024,0.7441,1.6817
United Kingdom,2015,1.1024,0.7664,1.7321
United Kingdom,2016,1.1024,0.7894,1.7841
United Kingdom,2017,1.1024,0.8131,1.8376
United Kingdom,2018,1.1024,0.8375,1.8927
United Kingdom,2019,1.1024,0.8626,1.9495
United Kingdom,2020,1.1024,0.8885,2.008
United Kingdom,2021,1.1024,0.8638,1.9523
United Kingdom,2022,1.1024,0.907,2.0499
United Kingdom,2023,1.1024,0.9524,2.1524
United Kingdom,2024,1.1024,1.0,2.26
United Kingdom,2025,1.1024,1.03,2.3278
Netherlands,2014,1.0,0.7441,1.5254
Netherlands,2015,1.0,0.7664,1.5712
Netherlands,2016,1.0,0.7894,1.6183
Netherlands,2017,1.0,0.8131,1.6668
Netherlands,2018,1.0,0.8375,1.7168
Netherlands,2019,1.0,0.8626,1.7683
Netherlands,2020,1.0,0.8885,1.8214
Netherlands,2021,1.0,0.8638,1.7709
Netherlands,2022,1.0,0.907,1.8594
Netherlands,2023,1.0,0.9524,1.9524
Netherlands,2024,1.0,1.0,2.05
Netherlands,2025,1.0,1.03,2.1115
Belgium,2014,1.278,0.7441,1.9495
Belgium,2015,1.278,0.7664,2.008
Belgium,2016,1.278,0.7894,2.0683
Belgium,2017,1.278,0.8131,2.1303
Belgium,2018,1.278,0.8375,2.1942
Belgium,2019,1.278,0.8626,2.26
Belgium,2020,1.278,0.8885,2.3278
Belgium,2021,1.278,0.8638,2.2633
Belgium,2022,1.278,0.907,2.3764
Belgium,2023,1.278,0.9524,2.4952
Belgium,2024,1.278,1.0,2.62
Belgium,2025,1.278,1.03,2.6986
Norway,2014,1.2098,0.7441,1.8454
Norway,2015,1.2098,0.7664,1.9007
Norway,2016,1.2098,0.7894,1.9577
Norway,2017,1.2098,0.8131,2.0165
Norway,2018,1.2098,0.8375,2.077
Norway,2019,1.2098,0.8626,2.1393
Norway,2020,1.2098,0.8885,2.2034
Norway,2021,1.2098,0.8638,2.1423
Norway,2022,1.2098,0.907,2.2494
Norway,2023,1.2098,0.9524,2.3619
Norway,2024,1.2098,1.0,2.48
Norway,2025,1.2098,1.03,2.5544
Shanghai,2014,0.6732,0.7441,1.0268
Shanghai,2015,0.6732,0.7664,1.0577
Shanghai,2016,0.6732,0.7894,1.0894
Shanghai,2017,0.6732,0.8131,1.1221
Shanghai,2018,0.6732,0.8375,1.1557
Shanghai,2019,0.6732,0.8626,1.1904
Shanghai,2020,0.6732,0.8885,1.2261
Shanghai,2021,0.6732,0.8638,1.1921
Shanghai,2022,0.6732,0.907,1.2517
Shanghai,2023,0.6732,0.9524,1.3143
Shanghai,2024,0.6732,1.0,1.38
Shanghai,2025,0.6732,1.03,1.4214
Singapore,2014,0.9756,0.7441,1.4882
Singapore,2015,0.9756,0.7664,1.5328
Singapore,2016,0.9756,0.7894,1.5788
Singapore,2017,0.9756,0.8131,1.6262
Singapore,2018,0.9756,0.8375,1.675
Singapore,2019,0.9756,0.8626,1.7252
Singapore,2020,0.9756,0.8885,1.777
Singapore,2021,0.9756,0.8638,1.7277
Singapore,2022,0.9756,0.907,1.8141
Singapore,2023,0.9756,0.9524,1.9048
Singapore,2024,0.9756,1.0,2.0
Singapore,2025,0.9756,1.03,2.06
India,2014,0.639,0.7441,0.9748
India,2015,0.639,0.7664,1.004
India,2016,0.639,0.7894,1.0341
India,2017,0.639,0.8131,1.0651
India,2018,0.639,0.8375,1.0971
India,2019,0.639,0.8626,1.13
India,2020,0.639,0.8885,1.1639
India,2021,0.639,0.8638,1.1316
India,2022,0.639,0.907,1.1882
India,2023,0.639,0.9524,1.2476
India,2024,0.639,1.0,1.31
India,2025,0.639,1.03,1.3493
Perth,2014,1.239,0.7441,1.89
Perth,2015,1.239,0.7664,1.9467
Perth,2016,1.239,0.7894,2.0051
Perth,2017,1.239,0.8131,2.0653
Perth,2018,1.239,0.8375,2.1272
Perth,2019,1.239,0.8626,2.191
Perth,2020,1.239,0.8885,2.2568
Perth,2021,1.239,0.8638,2.1941
Perth,2022,1.239,0.907,2.3039
Perth,2023,1.239,0.9524,2.419
Perth,2024,1.239,1.0,2.54
Perth,2025,1.239,1.03,2.6162
Qatar,2014,1.0,0.7441,1.5254
Qatar,2015,1.0,0.7664,1.5712
Qatar,2016,1.0,0.7894,1.6183
Qatar,2017,1.0,0.8131,1.6668
Qatar,2018,1.0,0.8375,1.7168
Qatar,2019,1.0,0.8626,1.7683
Qatar,2020,1.0,0.8885,1.8214
Qatar,2021,1.0,0.8638,1.7709
Qatar,2022,1.0,0.907,1.8594
Qatar,2023,1.0,0.9524,1.9524
Qatar,2024,1.0,1.0,2.05
Qatar,2025,1.0,1.03,2.1115
Saudi Arabia,2014,0.7805,0.7441,1.1906
Saudi Arabia,2015,0.7805,0.7664,1.2263
Saudi Arabia,2016,0.7805,0.7894,1.2631
Saudi Arabia,2017,0.7805,0.8131,1.3009
Saudi Arabia,2018,0.7805,0.8375,1.34
Saudi Arabia,2019,0.7805,0.8626,1.3802
Saudi Arabia,2020,0.7805,0.8885,1.4216
Saudi Arabia,2021,0.7805,0.8638,1.3821
Saudi Arabia,2022,0.7805,0.907,1.4512
Saudi Arabia,2023,0.7805,0.9524,1.5238
Saudi Arabia,2024,0.7805,1.0,1.6
Saudi Arabia,2025,0.7805,1.03,1.648
Nigeria,2014,0.9415,0.7441,1.4361
Nigeria,2015,0.9415,0.7664,1.4792
Nigeria,2016,0.9415,0.7894,1.5236
Nigeria,2017,0.9415,0.8131,1.5693
Nigeria,2018,0.9415,0.8375,1.6163
Nigeria,2019,0.9415,0.8626,1.6648
Nigeria,2020,0.9415,0.8885,1.7148
Nigeria,2021,0.9415,0.8638,1.6672
Nigeria,2022,0.9415,0.907,1.7506
Nigeria,2023,0.9415,0.9524,1.8381
Nigeria,2024,0.9415,1.0,1.93
Nigeria,2025,0.9415,1.03,1.9879
Angola,2014,1.2585,0.7441,1.9198
Angola,2015,1.2585,0.7664,1.9774
Angola,2016,1.2585,0.7894,2.0367
Angola,2017,1.2585,0.8131,2.0978
Angola,2018,1.2585,0.8375,2.1607
Angola,2019,1.2585,0.8626,2.2255
Angola,2020,1.2585,0.8885,2.2923
Angola,2021,1.2585,0.8638,2.2287
Angola,2022,1.2585,0.907,2.3401
Angola,2023,1.2585,0.9524,2.4571
Angola,2024,1.2585,1.0,2.58
Angola,2025,1.2585,1.03,2.6574
Mozambique,2014,0.8829,0.7441,1.3468
Mozambique,2015,0.8829,0.7664,1.3872
Mozambique,2016,0.8829,0.7894,1.4288
Mozambique,2017,0.8829,0.8131,1.4717
Mozambique,2018,0.8829,0.8375,1.5158
Mozambique,2019,0.8829,0.8626,1.5613
Mozambique,2020,0.8829,0.8885,1.6082
Mozambique,2021,0.8829,0.8638,1.5635
Mozambique,2022,0.8829,0.907,1.6417
Mozambique,2023,0.8829,0.9524,1.7238
Mozambique,2024,0.8829,1.0,1.81
Mozambique,2025,0.8829,1.03,1.8643
Guyana,2014,0.9171,0.7441,1.3989
Guyana,2015,0.9171,0.7664,1.4409
Guyana,2016,0.9171,0.7894,1.4841
Guyana,2017,0.9171,0.8131,1.5286
Guyana,2018,0.9171,0.8375,1.5745
Guyana,2019,0.9171,0.8626,1.6217
Guyana,2020,0.9171,0.8885,1.6704
Guyana,2021,0.9171,0.8638,1.624
Guyana,2022,0.9171,0.907,1.7052
Guyana,2023,0.9171,0.9524,1.7905
Guyana,2024,0.9171,1.0,1.88
Guyana,2025,0.9171,1.03,1.9364
Brazil,2014,0.9659,0.7441,1.4733
Brazil,2015,0.9659,0.7664,1.5175
Brazil,2016,0.9659,0.7894,1.563
Brazil,2017,0.9659,0.8131,1.6099
Brazil,2018,0.9659,0.8375,1.6582
Brazil,2019,0.9659,0.8626,1.708
Brazil,2020,0.9659,0.8885,1.7592
Brazil,2021,0.9659,0.8638,1.7104
Brazil,2022,0.9659,0.907,1.7959
Brazil,2023,0.9659,0.9524,1.8857
Brazil,2024,0.9659,1.0,1.98
Brazil,2025,0.9659,1.03,2.0394
Mexico,2014,0.9171,0.7441,1.3989
Mexico,2015,0.9171,0.7664,1.4409
Mexico,2016,0.9171,0.7894,1.4841
Mexico,2017,0.9171,0.8131,1.5286
Mexico,2018,0.9171,0.8375,1.5745
Mexico,2019,0.9171,0.8626,1.6217
Mexico,2020,0.9171,0.8885,1.6704
Mexico,2021,0.9171,0.8638,1.624
Mexico,2022,0.9171,0.907,1.7052
Mexico,2023,0.9171,0.9524,1.7905
Mexico,2024,0.9171,1.0,1.88
Mexico,2025,0.9171,1.03,1.9364
Kazakhstan,2014,0.9756,0.7441,1.4882
Kazakhstan,2015,0.9756,0.7664,1.5328
Kazakhstan,2016,0.9756,0.7894,1.5788
Kazakhstan,2017,0.9756,0.8131,1.6262
Kazakhstan,2018,0.9756,0.8375,1.675
Kazakhstan,2019,0.9756,0.8626,1.7252
Kazakhstan,2020,0.9756,0.8885,1.777
Kazakhstan,2021,0.9756,0.8638,1.7277
Kazakhstan,2022,0.9756,0.907,1.8141
Kazakhstan,2023,0.9756,0.9524,1.9048
Kazakhstan,2024,0.9756,1.0,2.0
Kazakhstan,2025,0.9756,1.03,2.06
Papua New Guinea,2014,1.0878,0.7441,1.6593
Papua New Guinea,2015,1.0878,0.7664,1.7091
Papua New Guinea,2016,1.0878,0.7894,1.7604
Papua New Guinea,2017,1.0878,0.8131,1.8132
Papua New Guinea,2018,1.0878,0.8375,1.8676
Papua New Guinea,2019,1.0878,0.8626,1.9236
Papua New Guinea,2020,1.0878,0.8885,1.9813
Papua New Guinea,2021,1.0878,0.8638,1.9264
Papua New Guinea,2022,1.0878,0.907,2.0227
Papua New Guinea,2023,1.0878,0.9524,2.1238
Papua New Guinea,2024,1.0878,1.0,2.23
Papua New Guinea,2025,1.0878,1.03,2.2969
